Participant,Date,BinStart,oura,class_display,Intensity,Variability,Jerk
P001,2025-02-03,2025-02-03 08:45:00,3.84,Homeroom,1.2004941226514088,2.5043114774103303,0.7484320663164025
P001,2025-02-03,2025-02-03 08:50:00,3.7,Homeroom,0.5294535081783596,1.3607999849628205,0.3193377080360837
P001,2025-02-05,2025-02-05 08:45:00,3.9400000000000004,Homeroom,0.4825284572648461,0.2469571289570557,0.2776859897582954
P001,2025-02-05,2025-02-05 08:50:00,6.380000000000001,Homeroom,2.1920540810780174,2.366091541608847,0.9121803223692388
P001,2025-02-05,2025-02-05 08:55:00,3.22,Homeroom,1.4653042589462615,1.7653150353929405,0.6626120028450014
P001,2025-02-05,2025-02-05 09:05:00,2.7600000000000002,Math,0.8751133649084378,1.6611259238316112,0.40623910454482515
P001,2025-02-05,2025-02-05 09:10:00,4.88,Math,0.8917725237326624,1.8324020781812635,0.38805204786858793
P001,2025-02-05,2025-02-05 09:15:00,3.7399999999999998,Math,1.942449358731358,3.664655425392687,0.9896631215703492
P001,2025-02-05,2025-02-05 09:20:00,4.279999999999999,Math,1.4391101579702892,1.718258938276369,0.5610528264903343
P001,2025-02-05,2025-02-05 09:25:00,4.24,Math,0.40578536469334303,0.7147894043099916,0.17825048492528964
P001,2025-02-05,2025-02-05 09:30:00,1.8199999999999998,Math,1.9790301856874506,2.1971581490746144,0.6996434424948743
P001,2025-02-05,2025-02-05 09:35:00,1.8800000000000001,Math,0.6636160710167502,1.3261835978373884,0.3024317921659534
P001,2025-02-05,2025-02-05 09:40:00,1.24,Math,1.151334063854614,1.632175760927003,0.44214333137366185
P001,2025-02-05,2025-02-05 09:45:00,1.86,Math,1.1462006010632773,2.6920228699881674,0.5102912044654035
P001,2025-02-05,2025-02-05 09:50:00,2.1,Math,0.8090096378343505,2.0624783264539794,0.37866501477525544
P001,2025-02-05,2025-02-05 10:00:00,1.54,History,2.108971031337314,3.305644554961481,0.7917625948635744
P001,2025-02-05,2025-02-05 10:05:00,2.34,History,0.9741031640950695,2.0679734881776453,0.4461660931285099
P001,2025-02-05,2025-02-05 10:10:00,1.44,History,0.6521293561062025,1.268264342683991,0.2811370604324289
P001,2025-02-05,2025-02-05 10:15:00,1.6199999999999999,History,0.6568120811445148,1.0633578618540893,0.2722279802991753
P001,2025-02-05,2025-02-05 10:20:00,2.02,History,0.7929264950644764,1.1728804138854554,0.3108631733889019
P001,2025-02-05,2025-02-05 10:25:00,2.58,History,0.9209637191130859,1.3805789045487689,0.3684614578901185
P001,2025-02-05,2025-02-05 10:30:00,2.2800000000000002,Cash-out,1.451940272317987,2.0766901178426673,0.5268315846501836
P001,2025-02-05,2025-02-05 10:35:00,1.3800000000000001,Cash-out,0.4686747667950189,0.795410958613233,0.19032787697127412
P001,2025-02-05,2025-02-05 10:40:00,1.2999999999999998,Cash-out,0.7301311885988754,1.105692986494943,0.33765177855633655
P001,2025-02-06,2025-02-06 08:45:00,3.3200000000000003,Homeroom,1.2119715383275627,1.936365836967667,0.50588143586952
P001,2025-02-06,2025-02-06 08:50:00,4.36,Homeroom,0.806984488536019,2.0755446690858292,0.4344705354217789
P001,2025-02-06,2025-02-06 08:55:00,4.86,Homeroom,0.6076109981369233,1.0135867862683505,0.29750522014481895
P001,2025-02-06,2025-02-06 09:05:00,0.9,Math,0.9059252721844651,1.3444821100111615,0.4079595986688737
P001,2025-02-06,2025-02-06 09:10:00,1.0333333333333334,Math,0.6680249916430631,1.2727517950257368,0.25408146560521194
P001,2025-02-06,2025-02-06 09:15:00,1.55,Math,1.3700615263970262,2.471179941937172,0.4615209512706146
P001,2025-02-06,2025-02-06 09:20:00,1.5333333333333332,Math,1.0671617636535473,1.7926037261243448,0.43005419500862085
P001,2025-02-06,2025-02-06 09:25:00,2.76,Math,1.4145004035742814,2.1466595451545762,0.46661270153364603
P001,2025-02-06,2025-02-06 09:30:00,2.16,Math,1.5678522665559946,2.2000656284525846,0.5869275240425649
P001,2025-02-06,2025-02-06 09:35:00,1.8399999999999999,Math,0.9690803318412478,1.7396614212062236,0.3935126529780059
P001,2025-02-06,2025-02-06 09:40:00,4.279999999999999,Math,1.4878897594405218,2.7908011295935657,0.5586703715226062
P001,2025-02-06,2025-02-06 09:45:00,5.84,Math,1.4352686846612372,2.6297346659613545,0.5653751787543265
P001,2025-02-06,2025-02-06 09:50:00,2.42,Math,4.1709942648977485,5.03090009424869,1.1271951463717593
P001,2025-02-06,2025-02-06 10:00:00,1.6600000000000001,History,1.0387388074036508,1.5036606429424038,0.41407416372539985
P001,2025-02-06,2025-02-06 10:05:00,2.48,History,0.5448191366749449,0.8664088457301832,0.27044211295103426
P001,2025-02-06,2025-02-06 10:10:00,3.9200000000000004,History,0.5893174055385043,1.1345569350759703,0.2863404685604494
P001,2025-02-06,2025-02-06 10:15:00,3.34,History,1.1939317396051587,1.8693512299055945,0.4561422053443394
P001,2025-02-06,2025-02-06 10:20:00,2.7,History,0.3149262172213803,0.7181698831311287,0.25366616551708476
P002,2025-02-03,2025-02-03 08:50:00,5.62,Homeroom,2.0072123403186497,2.196856721763505,0.9042129657381881
P002,2025-02-03,2025-02-03 08:55:00,3.18,Homeroom,1.4989594031965683,1.4324392939947992,0.9511790790680396
P002,2025-02-04,2025-02-04 08:55:00,3.3,Homeroom,1.1594295066126457,1.4857396348352567,0.5247189370813342
P002,2025-02-04,2025-02-04 09:05:00,4.779999999999999,Math,1.0682923979600278,1.4152670769550693,0.513820702010239
P002,2025-02-04,2025-02-04 09:10:00,4.359999999999999,Math,0.9778553340041898,1.2278035591134069,0.5038850206405642
P002,2025-02-04,2025-02-04 09:15:00,4.26,Math,0.9574145080442348,1.2018474453975208,0.48787690183398935
P002,2025-02-04,2025-02-04 09:20:00,2.6399999999999997,Math,0.7094291522055375,1.0234202059985278,0.3884375067151482
P002,2025-02-04,2025-02-04 09:25:00,2.52,Math,1.4155349437234406,1.5566442486895693,0.5771161084075083
P002,2025-02-04,2025-02-04 09:30:00,2.02,Math,1.287210554058522,1.7129186930213898,0.6890949283020313
P002,2025-02-04,2025-02-04 09:35:00,1.26,Math,1.507705046306871,1.7455447697525794,0.6697408370361598
P002,2025-02-04,2025-02-04 09:40:00,1.44,Math,0.9758101980712681,1.0525617546934456,0.381322575316537
P002,2025-02-04,2025-02-04 09:45:00,1.6199999999999999,Math,0.9461209027646593,1.2300531309212366,0.41010346586319857
P002,2025-02-04,2025-02-04 09:50:00,1.36,Math,0.5367217271630327,0.7535060927680837,0.22815243904464655
P002,2025-02-04,2025-02-04 10:00:00,1.56,History,1.1888911489518776,1.6479680474545115,0.5916950475591157
P002,2025-02-04,2025-02-04 10:05:00,1.5,History,0.9192009845543115,1.3591527755234323,0.4988085705253373
P002,2025-02-04,2025-02-04 10:10:00,1.58,History,1.026203213444552,1.3527591335266025,0.5027046587589634
P002,2025-02-04,2025-02-04 10:15:00,1.58,History,1.7820675338005227,1.921938655428796,0.8541014484447651
P002,2025-02-04,2025-02-04 10:20:00,1.94,History,1.6764564100029613,1.5486001399820721,0.7169301982181681
P002,2025-02-04,2025-02-04 10:25:00,1.8399999999999999,History,1.7138294586249099,2.043328533228343,0.726338523650568
P002,2025-02-04,2025-02-04 10:30:00,1.8800000000000001,Cash-out,1.5244481977209703,2.1103841611183998,0.5835844129544404
P002,2025-02-04,2025-02-04 10:35:00,2.18,Cash-out,0.30952712325067216,0.4658195090579474,0.1975471393197046
P002,2025-02-04,2025-02-04 10:40:00,1.98,Cash-out,0.8899769606514234,1.4097347974245573,0.3866953109671362
P002,2025-02-04,2025-02-04 10:45:00,2.08,Cash-out,1.1918084337550505,1.898639477166606,0.9621758147310135
P002,2025-02-05,2025-02-05 08:50:00,6.540000000000001,Homeroom,1.8869990663179839,2.3087248444537667,0.7628517618406784
P002,2025-02-05,2025-02-05 08:55:00,3.08,Homeroom,1.4797861565351154,1.686590800440556,0.6034379366121609
P002,2025-02-05,2025-02-05 09:05:00,3.38,Math,0.9278025555797786,1.4691029294501035,0.4976898940841986
P002,2025-02-05,2025-02-05 09:10:00,3.44,Math,1.0760687494941659,1.1726159406153254,0.6084379318248417
P002,2025-02-05,2025-02-05 09:15:00,3.3199999999999994,Math,1.3154475585942405,2.064570826483197,0.55979186420108
P002,2025-02-05,2025-02-05 09:20:00,4.1,Math,0.6139726645863444,0.9809562198623624,0.2722439455301549
P002,2025-02-05,2025-02-05 09:25:00,2.28,Math,0.7819662309410174,1.45242355027072,0.4252651531587631
P002,2025-02-05,2025-02-05 09:30:00,2.34,Math,1.0667835537811887,1.6316264591848935,0.5263228545203531
P002,2025-02-05,2025-02-05 09:35:00,1.54,Math,0.4539286078465043,0.6812695042132291,0.21876460660461694
P002,2025-02-05,2025-02-05 09:40:00,1.26,Math,0.6447385902001062,1.0550325813469907,0.3107258878955594
P002,2025-02-05,2025-02-05 09:45:00,2.2399999999999998,Math,0.7543835371638696,1.0756768575999829,0.3419401273918591
P002,2025-02-05,2025-02-05 09:50:00,2.1399999999999997,Math,0.3887455493698283,0.5254022857676212,0.1880360183203884
P002,2025-02-05,2025-02-05 10:00:00,2.02,History,0.8942597067792513,1.3837144793916594,0.36517706832857233
P002,2025-02-05,2025-02-05 10:05:00,2.34,History,1.8926925357746094,2.803211545725917,0.7226008688073449
P002,2025-02-05,2025-02-05 10:10:00,1.7,History,1.1625795585658834,1.6548046604700866,0.5287241641007098
P002,2025-02-05,2025-02-05 10:15:00,1.46,History,0.8766726840671103,1.3314771915750532,0.4161244004149909
P002,2025-02-05,2025-02-05 10:20:00,2.1399999999999997,History,0.6930406486216322,0.9346359420819772,0.3633481315549885
P003,2025-02-04,2025-02-04 08:45:00,2.18,Homeroom,2.910080349937234,3.3116590154497705,1.3401506997745758
P003,2025-02-04,2025-02-04 08:50:00,1.6,Homeroom,2.5235338334961335,3.428871681519614,0.9551318802127021
P003,2025-02-04,2025-02-04 08:55:00,1.7399999999999998,Homeroom,0.9946346748521109,2.0313651132350095,0.43831118743688025
P003,2025-02-04,2025-02-04 09:05:00,2.2800000000000002,Math,1.6890845445091682,2.623173835211433,0.8622673739954869
P003,2025-02-04,2025-02-04 09:10:00,4.72,Math,1.4670996247661177,3.1750143183074777,0.7907730853297811
P003,2025-02-04,2025-02-04 09:15:00,5.4399999999999995,Math,1.6510729158757986,3.536453534648466,0.8344746825469243
P003,2025-02-04,2025-02-04 09:20:00,2.0,Math,1.3100444405020444,2.3907832026301206,0.752443723484267
P003,2025-02-04,2025-02-04 09:25:00,4.4,Math,1.04239669119046,2.3714911286710842,0.5717108478645134
P003,2025-02-04,2025-02-04 09:30:00,1.6,Math,2.580293610137562,3.783213980688294,1.2699527674164464
P003,2025-02-04,2025-02-04 09:35:00,2.1599999999999997,Math,4.095909273788964,5.052382528458468,1.310176897330088
P003,2025-02-04,2025-02-04 09:40:00,1.6800000000000002,Math,1.4751121142514316,2.7247616723578365,0.7179256139134176
P003,2025-02-04,2025-02-04 09:45:00,1.6,Math,0.876588917423107,1.3964270394003553,0.4402046048617401
P003,2025-02-04,2025-02-04 09:50:00,1.3599999999999999,Math,1.151913160377423,2.041785601150705,0.6333347958389771
P003,2025-02-04,2025-02-04 10:00:00,1.6199999999999999,History,1.8282383667994353,2.6532345487951785,0.9766804267758105
P003,2025-02-04,2025-02-04 10:05:00,1.3599999999999999,History,1.6307825694515699,3.2081148279910465,0.8912797912346567
P003,2025-02-04,2025-02-04 10:10:00,1.22,History,1.900504157895377,2.056622229220544,0.8298249449512823
P003,2025-02-04,2025-02-04 10:15:00,1.5,History,3.9365719647228077,4.252895445768055,1.6021211284606032
P003,2025-02-04,2025-02-04 10:20:00,1.72,History,1.1446866742812265,1.465781567945226,0.6133350722123494
P003,2025-02-04,2025-02-04 10:25:00,2.54,History,2.154151599874186,3.136874700981423,0.8619169446886821
P003,2025-02-04,2025-02-04 10:30:00,2.08,Cash-out,1.7059386967921033,2.2021445161138096,0.7946308676109195
P003,2025-02-04,2025-02-04 10:35:00,2.1,Cash-out,1.8856092707231311,2.3334972203117994,0.7994226987248226
P004,2025-02-10,2025-02-10 08:45:00,1.46,Homeroom,3.2682684772202473,4.1877494021328046,1.0763748973296294
P004,2025-02-10,2025-02-10 08:50:00,1.44,Homeroom,2.0522484253064084,3.26282424903128,0.8678502984245823
P004,2025-02-10,2025-02-10 08:55:00,1.58,Homeroom,2.467040569221997,4.221505333275604,0.9586372331845094
P004,2025-02-10,2025-02-10 09:05:00,1.6199999999999999,Math,1.5188278187187567,1.9733022353088068,0.6047148142334895
P004,2025-02-10,2025-02-10 09:10:00,1.78,Math,1.1097433340411245,2.0113272680757155,0.5113555873615299
P004,2025-02-10,2025-02-10 09:15:00,1.54,Math,1.2244540220330635,1.8276699252774922,0.5135221270157937
P004,2025-02-10,2025-02-10 09:20:00,2.18,Math,1.8481236124562623,3.10911544279542,0.6602042769640624
P004,2025-02-10,2025-02-10 09:25:00,1.9600000000000002,Math,0.9934659034736713,2.5132694968502682,0.5437332454527741
P004,2025-02-10,2025-02-10 09:30:00,1.8199999999999998,Math,2.591056922517411,4.926119660300893,1.1832952635757923
P004,2025-02-10,2025-02-10 09:35:00,1.94,Math,1.845347394168058,2.644485935013771,0.8205500954047199
P004,2025-02-10,2025-02-10 09:40:00,4.0,Math,1.8721812219093148,3.1457798731627804,0.6846979671195329
P004,2025-02-10,2025-02-10 09:45:00,2.3600000000000003,Math,0.9009506597585071,1.6685300117305146,0.46945969872903853
P004,2025-02-10,2025-02-10 09:50:00,3.8600000000000003,Math,2.2533773674836475,4.025418023856534,0.9057514151706989
P004,2025-02-10,2025-02-10 10:00:00,4.7,ELA,1.1247403476066167,2.521614275180798,0.5690855660719458
P004,2025-02-10,2025-02-10 10:05:00,5.96,ELA,2.1156618233001514,3.0525327001008304,1.0604983898164915
P004,2025-02-10,2025-02-10 10:10:00,4.0200000000000005,ELA,2.8266906632005186,3.2362087246109494,1.1891198948194486
P004,2025-02-10,2025-02-10 10:15:00,4.24,ELA,6.710225352405686,9.175265058240239,2.3378622690330686
P004,2025-02-10,2025-02-10 10:20:00,4.0600000000000005,ELA,8.822017577112842,10.147512970149737,3.3767017105967385
P004,2025-02-10,2025-02-10 10:25:00,1.48,ELA,4.933804064661248,4.007307449770687,1.3391451219915913
P004,2025-02-10,2025-02-10 10:30:00,1.8399999999999999,ELA,1.0118440444630974,1.413924734903557,0.4853541395134749
P004,2025-02-10,2025-02-10 10:35:00,1.3599999999999999,ELA,1.1776642839385103,1.2304284036558069,0.7290790761423039
P004,2025-02-10,2025-02-10 10:40:00,1.58,ELA,1.0056464109937413,1.3560634952039856,0.5725708122492621
P004,2025-02-10,2025-02-10 10:45:00,2.2199999999999998,ELA,0.8305858478881907,1.158839535978786,0.4261631669590038
P004,2025-02-11,2025-02-11 08:45:00,2.56,Homeroom,3.2599023116242667,1.8885876797312195,0.851889603666068
P004,2025-02-11,2025-02-11 08:50:00,2.04,Homeroom,2.1324572980629943,2.5780911220124194,0.7537796320498135
P004,2025-02-11,2025-02-11 08:55:00,1.52,Homeroom,1.081422756700055,1.7247990402495552,0.4455709396418679
P004,2025-02-11,2025-02-11 09:05:00,1.44,Math,0.6129784874783015,0.9031553358378851,0.27564464010016476
P004,2025-02-11,2025-02-11 09:10:00,1.3800000000000001,Math,1.6513247797917643,2.491627949880772,0.5511745601889781
P004,2025-02-11,2025-02-11 09:15:00,1.8800000000000001,Math,2.0607861300423784,3.520523706154596,0.723045503245985
P004,2025-02-11,2025-02-11 09:20:00,2.5200000000000005,Math,2.3611063922927515,3.719382136099754,0.8567281815982023
P004,2025-02-11,2025-02-11 09:25:00,1.6799999999999997,Math,2.905848112648611,3.8226474641584227,1.1064888798660646
P004,2025-02-11,2025-02-11 09:30:00,1.8599999999999999,Math,1.663444972481163,3.0478178304481505,0.7272080769874921
P004,2025-02-11,2025-02-11 09:35:00,2.8,Math,1.8230457319123492,3.1798543898765472,0.717856578444233
P004,2025-02-11,2025-02-11 09:40:00,4.1,Math,1.1250099117090966,2.0266312176450407,0.44064168838675616
P004,2025-02-11,2025-02-11 09:45:00,2.2399999999999998,Math,1.2630773298566897,2.0896145124826613,0.6081684792539601
P004,2025-02-11,2025-02-11 09:50:00,3.54,Math,1.5165506910192812,2.0828030161255695,0.6102087776175764
P004,2025-02-11,2025-02-11 10:00:00,4.76,ELA,1.357267575452265,2.2554773680368734,0.6001364944850976
P004,2025-02-11,2025-02-11 10:05:00,3.5200000000000005,ELA,2.17410119403885,2.626255873490758,0.8754230068081691
P004,2025-02-11,2025-02-11 10:10:00,4.5200000000000005,ELA,1.4238110778547235,2.1564315461642964,0.6605452081657555
P004,2025-02-11,2025-02-11 10:15:00,5.9,ELA,3.1841816185134846,5.038205021956394,1.00727110212884
P004,2025-02-11,2025-02-11 10:20:00,2.04,ELA,2.0717598041755534,2.542738359345777,1.1417574479887862
P004,2025-02-11,2025-02-11 10:25:00,2.1599999999999997,ELA,1.0891221350973317,1.4773706802012367,0.4947573575022025
P004,2025-02-11,2025-02-11 10:30:00,1.7,ELA,1.1362361256588192,1.8525858138997322,0.4700944622299873
P004,2025-02-11,2025-02-11 10:35:00,1.64,ELA,1.193979486095429,1.6577618402359182,0.4771122281541083
P004,2025-02-11,2025-02-11 10:40:00,1.5,ELA,1.250184247058019,1.920863452324228,0.5007762418431734
P004,2025-02-11,2025-02-11 10:45:00,1.5666666666666667,ELA,4.834680661640288,3.2342418851608095,0.6056109295677885
P004,2025-02-12,2025-02-12 08:55:00,1.52,Homeroom,1.9129655030758068,2.584517319346692,0.6516134455538007
P004,2025-02-12,2025-02-12 09:05:00,2.2199999999999998,Math,1.5502762755384685,2.563751939933314,0.6797062022141033
P004,2025-02-12,2025-02-12 09:10:00,2.16,Math,0.9253405768635407,1.0489119005475795,0.4811250416773366
P004,2025-02-12,2025-02-12 09:15:00,1.56,Math,1.3290285740579957,1.8267110924611785,0.6652347885020699
P004,2025-02-12,2025-02-12 09:20:00,1.44,Math,2.2477525185180194,3.63972192836209,1.0507577941598083
P004,2025-02-12,2025-02-12 09:25:00,1.7399999999999998,Math,1.1440539305738882,1.6056540184285915,0.4937578366195116
P004,2025-02-12,2025-02-12 09:30:00,1.78,Math,1.4820312263188187,2.122072663213768,0.614252661850008
P004,2025-02-12,2025-02-12 09:35:00,1.8199999999999998,Math,1.471836862202518,1.5467659014572552,0.43990580120375367
P004,2025-02-12,2025-02-12 09:40:00,3.34,Math,0.9083016490902323,1.0712641849332603,0.3204957850357312
P004,2025-02-12,2025-02-12 09:45:00,3.78,Math,0.8934102561677824,1.5419981780454064,0.3712814400207206
P004,2025-02-12,2025-02-12 09:50:00,2.7800000000000002,Math,1.3998413267635788,1.6380862951708905,0.46645162085278696
P004,2025-02-12,2025-02-12 10:00:00,4.4399999999999995,ELA,1.147913779805727,2.735946935950106,0.5248483033038626
P004,2025-02-12,2025-02-12 10:05:00,3.3200000000000003,ELA,1.9275806745483905,3.6401404730787865,0.7750493780125542
P004,2025-02-12,2025-02-12 10:10:00,4.4399999999999995,ELA,0.8605698275061062,1.2644594892326502,0.41975514814198095
P004,2025-02-12,2025-02-12 10:15:00,6.5200000000000005,ELA,2.5933197944534974,3.439152088930501,1.001399094917442
P004,2025-02-12,2025-02-12 10:20:00,1.8800000000000001,ELA,2.2802592801565558,2.9191866916515163,0.8532321574747106
P004,2025-02-12,2025-02-12 10:25:00,1.7,ELA,1.2814154690706652,1.5299620419614777,0.5807478179316421
P004,2025-02-12,2025-02-12 10:30:00,1.6,ELA,1.0635434559513393,1.5318115457867045,0.47160167739186887
P004,2025-02-12,2025-02-12 10:35:00,1.3800000000000001,ELA,1.1458187490553726,1.6596635604218608,0.422772277787519
P004,2025-02-12,2025-02-12 10:40:00,2.02,ELA,1.3441822667101684,1.4545713623928127,0.5762725213685661
P004,2025-02-12,2025-02-12 10:45:00,1.9600000000000002,ELA,1.8444441162239371,2.4308942346292906,0.6566321657897568
P004,2025-02-12,2025-02-12 10:50:00,2.05,HW Rein./Study Hall,1.9938395944627358,2.9017332876662216,0.8080177848373309
P004,2025-02-12,2025-02-12 10:55:00,1.6,HW Rein./Study Hall,4.034702691632261,6.3082969040361485,1.4850281986966478
P004,2025-02-13,2025-02-13 09:30:00,1.4,Math,1.7559840097958987,2.243954055588773,0.6829641981007114
P004,2025-02-13,2025-02-13 09:35:00,1.44,Math,1.700811153948603,2.3272937892872507,0.7467847668106702
P004,2025-02-13,2025-02-13 09:40:00,3.6399999999999997,Math,2.0962201058585133,2.6687790126952757,0.7551297728239355
P004,2025-02-13,2025-02-13 09:45:00,3.3,Math,1.916308137725132,2.899095515479187,0.822255372575543
P004,2025-02-13,2025-02-13 09:50:00,3.4,Math,1.2107366631379008,2.505841817827033,0.5512583699335037
P004,2025-02-13,2025-02-13 10:00:00,4.2,ELA,1.1192537718459534,2.0898148646637567,0.47191144793864137
P004,2025-02-13,2025-02-13 10:05:00,7.3,ELA,0.9335213318895903,1.415432828494358,0.3957367465125096
P004,2025-02-13,2025-02-13 10:10:00,5.76,ELA,1.7906719997863287,2.0959139800938713,0.5969195155964226
P004,2025-02-13,2025-02-13 10:15:00,4.7,ELA,1.375104154364323,1.7650149064061167,0.6157992673498153
P004,2025-02-13,2025-02-13 10:20:00,3.56,ELA,1.141306343524405,1.2383960004005605,0.5082825901052825
P004,2025-02-13,2025-02-13 10:25:00,1.5,ELA,1.0877014629218873,1.1699107768920645,0.48909955519350046
P004,2025-02-13,2025-02-13 10:30:00,1.3800000000000001,ELA,0.9679833825886863,1.2604024872603405,0.4398028066647953
P004,2025-02-13,2025-02-13 10:35:00,1.56,ELA,0.9648195668598074,1.3208131013237279,0.4337367994110126
P004,2025-02-13,2025-02-13 10:40:00,2.05,ELA,1.0537034907273672,1.5768669744895494,0.47036016548304155
P004,2025-02-14,2025-02-14 08:50:00,2.1399999999999997,Homeroom,2.776372947026327,3.1525987707338374,1.043675991967909
P004,2025-02-14,2025-02-14 08:55:00,1.8599999999999999,Homeroom,1.5525890080073939,1.8886355040628207,0.5351412915657457
P004,2025-02-14,2025-02-14 09:05:00,2.7800000000000002,Math,1.413938953352962,1.6209352528653553,0.5108096065420192
P004,2025-02-14,2025-02-14 09:10:00,3.12,Math,2.032226882242348,3.4950946420596467,0.7149358395040961
P004,2025-02-14,2025-02-14 09:15:00,3.4400000000000004,Math,1.416670253544839,2.409793673338914,0.5881584268626664
P004,2025-02-14,2025-02-14 09:20:00,2.16,Math,1.5812225423306168,2.9284808000070344,0.669197044237859
P004,2025-02-14,2025-02-14 09:25:00,0.9,Math,1.8921271162196263,2.691974364272639,0.7772745315069403
P004,2025-02-14,2025-02-14 09:30:00,0.9,Math,1.6105109132866684,2.4406209605547544,0.666795903878161
P004,2025-02-14,2025-02-14 09:35:00,0.9,Math,1.5609897452672663,2.2453600169027244,0.6926971803392684
P004,2025-02-14,2025-02-14 09:40:00,0.9,Math,3.14748543282783,4.502411773383986,1.246819189771242
P004,2025-02-14,2025-02-14 09:45:00,0.9,Math,1.9816251490965686,3.3169459577886804,0.821015438564414
P004,2025-02-14,2025-02-14 09:50:00,0.9,Math,1.7913430082742987,2.8856918217310357,0.7085625634186915
P004,2025-02-14,2025-02-14 10:00:00,0.9,ELA,0.8423591458060165,1.5207460079696178,0.38590040240690626
P004,2025-02-14,2025-02-14 10:05:00,0.9,ELA,1.153919970458179,2.1850453100108975,0.4263343615319182
P004,2025-02-14,2025-02-14 10:10:00,0.9,ELA,1.6109212184330026,2.742925280031083,0.597304325811413
P004,2025-02-14,2025-02-14 10:15:00,0.9,ELA,1.7475653046489068,2.620901662193485,0.6697822368404267
P004,2025-02-14,2025-02-14 10:20:00,0.9,ELA,1.2895158001586555,2.4669248586454597,0.6257640356732678
P004,2025-02-14,2025-02-14 10:25:00,0.9,ELA,2.544994136798147,3.814933780785153,0.8806669912130974
P004,2025-02-14,2025-02-14 10:30:00,0.9,ELA,1.5960200371074962,2.586069909496086,0.7480396854051492
P004,2025-02-14,2025-02-14 10:35:00,0.9,ELA,1.80011128189674,2.9865631558093417,0.8137634289017054
P004,2025-02-14,2025-02-14 10:40:00,0.9,ELA,1.311125297978077,1.932675482971197,0.5569150372481035
P004,2025-02-14,2025-02-14 10:45:00,0.9,ELA,1.4832220044664133,2.035907622562508,0.7773208131412809
P004,2025-02-14,2025-02-14 10:50:00,0.9,HW Rein./Study Hall,2.2802906493440687,2.6002603242029076,0.8742547071515693
P004,2025-02-14,2025-02-14 10:55:00,0.9,HW Rein./Study Hall,4.536286644499198,4.877001097576465,1.5688860670353033
P004,2025-02-14,2025-02-14 11:00:00,0.9,HW Rein./Study Hall,3.0979205267598346,4.138271734338547,1.2011474705585923
P004,2025-02-14,2025-02-14 11:05:00,0.9,HW Rein./Study Hall,3.9943603584271927,5.5013857153074,1.572527542385301
P004,2025-02-14,2025-02-14 11:10:00,0.9,Friday Funday,4.8855945487672745,5.820555519157779,1.7960098576793873
P004,2025-02-14,2025-02-14 11:45:00,0.9,Friday Funday,3.2452870624455326,3.776435304529846,1.0152549385932461
P004,2025-02-14,2025-02-14 11:50:00,0.9,Friday Funday,0.8942730356122442,1.4831462613447546,0.473431730568531
P004,2025-02-14,2025-02-14 11:55:00,0.9,Friday Funday,0.1461642015680327,0.23971144198419675,0.10887973966971938
P004,2025-02-14,2025-02-14 12:00:00,0.9,Friday Funday,0.14202625311556205,0.22099311901603008,0.0854623916403536
P004,2025-02-14,2025-02-14 12:05:00,0.9,Friday Funday,0.4158358355404997,0.6205522866343737,0.20073345894424022
P004,2025-02-14,2025-02-14 12:10:00,0.9,Friday Funday,2.680521356168973,2.8156098551244577,0.7615560955876789
P004,2025-02-14,2025-02-14 12:15:00,0.9,Friday Funday,2.552521776883869,3.9046415492625526,0.8274718501712824
P004,2025-02-14,2025-02-14 12:20:00,0.9,Friday Funday,2.413434960925895,3.0334898606765948,0.7764298879567901
P004,2025-02-14,2025-02-14 12:25:00,0.9,Friday Funday,2.1113133280212195,3.910817225312486,0.8594131679437611
P004,2025-02-14,2025-02-14 12:30:00,0.9,Friday Funday,2.8721647043989122,3.8240755826097503,0.9290102348515159
P004,2025-02-14,2025-02-14 12:35:00,0.9,Friday Funday,2.0153392314559566,2.8188117792653142,0.7066499779815553
P004,2025-02-14,2025-02-14 12:40:00,0.9,Friday Funday,1.6868600908816482,2.4004558097178137,0.5800071100325767
P004,2025-02-14,2025-02-14 12:45:00,0.9,Friday Funday,1.4805378651833807,2.0704008609127915,0.5670927071614222
P004,2025-02-14,2025-02-14 12:50:00,0.9,Friday Funday,2.1978092936175964,2.8328031695905196,0.7474150507912226
P004,2025-02-14,2025-02-14 12:55:00,0.9,Friday Funday,1.7826983526543496,2.2027773867509906,0.6589194590051553
P004,2025-02-14,2025-02-14 13:00:00,0.9,Friday Funday,2.693401423045881,2.6303101581155515,0.9242916716202376
P004,2025-02-14,2025-02-14 13:05:00,0.9,Friday Funday,2.7268157904304635,2.7630025175715334,0.9552897046491461
P004,2025-02-14,2025-02-14 13:10:00,0.9,Friday Funday,4.0925581175187675,5.3406991106961925,1.249135008487246
P004,2025-02-14,2025-02-14 13:15:00,0.9,Friday Funday,2.9632853168416404,4.054353851618967,0.9330920376862221
P005,2025-02-11,2025-02-11 08:45:00,3.6,Homeroom,2.2130824814202805,2.728849705842766,0.9774754237395626
P005,2025-02-11,2025-02-11 08:50:00,1.8399999999999999,Homeroom,0.3305860579967971,0.7475631896629058,0.16673092465042502
P005,2025-02-11,2025-02-11 08:55:00,1.8,Homeroom,0.3688187519372812,0.8587632676344032,0.17131607622502365
P005,2025-02-11,2025-02-11 09:05:00,1.44,Math,0.4320220258152867,0.923674260289183,0.2204786175983676
P005,2025-02-11,2025-02-11 09:10:00,1.8199999999999998,Math,0.6424508068197718,0.7125766758575672,0.4204585662421428
P005,2025-02-11,2025-02-11 09:15:00,1.8800000000000001,Math,0.630363043534999,0.9814199133457038,0.36448787408198974
P005,2025-02-11,2025-02-11 09:20:00,1.46,Math,0.703206919912932,1.2889642085131998,0.3391508604550194
P005,2025-02-11,2025-02-11 09:25:00,2.2,Math,0.4524379213989652,0.847821567406543,0.20702507601450876
P005,2025-02-11,2025-02-11 09:30:00,1.52,Math,0.3506527769309732,0.6490594538427478,0.16648200072512426
P005,2025-02-11,2025-02-11 09:35:00,3.7,Math,0.4942498781671608,0.8816370406088033,0.2533456056191607
P005,2025-02-11,2025-02-11 09:40:00,4.2,Math,0.5746969772470352,1.2010546115372838,0.26683466286490726
P005,2025-02-11,2025-02-11 09:45:00,1.7399999999999998,Math,0.7017671349250645,1.1649251805497507,0.3170492086725901
P005,2025-02-11,2025-02-11 09:50:00,1.58,Math,1.0969914446669322,1.400927934025888,0.45134220127422076
P005,2025-02-11,2025-02-11 10:00:00,3.7399999999999998,ELA,0.43058098925260346,0.7561119426554705,0.22535158119071688
P005,2025-02-11,2025-02-11 10:05:00,2.06,ELA,1.0824971211995518,1.4712904203422494,0.5454138725980121
P005,2025-02-11,2025-02-11 10:10:00,3.88,ELA,0.6027354830059746,0.763874722111874,0.34830997626507887
P005,2025-02-11,2025-02-11 10:15:00,3.1399999999999997,ELA,0.8251397988812343,0.8236868808090676,0.47413990423690616
P005,2025-02-11,2025-02-11 10:20:00,1.86,ELA,1.1108216266370832,1.410372084814757,0.5763694427125173
P005,2025-02-11,2025-02-11 10:25:00,3.18,ELA,0.7459362229045757,1.301702215213123,0.3387201897943087
P005,2025-02-11,2025-02-11 10:30:00,1.3800000000000001,ELA,0.6628252406133852,0.9806817142003611,0.32900226627151513
P005,2025-02-11,2025-02-11 10:35:00,1.5,ELA,0.5790184709458297,0.810882823508393,0.3538146233094507
P005,2025-02-11,2025-02-11 10:40:00,1.64,ELA,1.0095473905313612,1.0886336309123021,0.5455831011168721
P005,2025-02-11,2025-02-11 10:45:00,1.575,ELA,1.0540115335474476,1.170541906078929,0.5637462854811484
P005,2025-02-12,2025-02-12 08:55:00,1.6800000000000002,Homeroom,2.4802626055268258,2.666301695028886,0.9074200924551094
P005,2025-02-12,2025-02-12 09:05:00,1.4,Math,1.0434255751823382,1.7109833839710418,0.37932661842948023
P005,2025-02-12,2025-02-12 09:10:00,1.3599999999999999,Math,0.6650287644765733,1.02606882207971,0.33627939445919386
P005,2025-02-12,2025-02-12 09:15:00,1.52,Math,0.7752554886611622,1.0394990765173318,0.39813271990438204
P005,2025-02-12,2025-02-12 09:20:00,1.26,Math,0.6189626874618405,0.7353219909133126,0.34808642359630537
P005,2025-02-12,2025-02-12 09:25:00,1.54,Math,0.8402726040329288,1.1236584843461568,0.402799181398684
P005,2025-02-12,2025-02-12 09:30:00,2.46,Math,0.5704286964196628,0.9451299420641256,0.29439034915142953
P005,2025-02-12,2025-02-12 09:35:00,2.0,Math,0.5390706620422019,0.8556040269472749,0.2843481372936133
P005,2025-02-12,2025-02-12 09:40:00,3.3600000000000003,Math,0.5131124284119453,0.7419147079341234,0.2710490014985939
P005,2025-02-12,2025-02-12 09:45:00,2.8,Math,0.5304562845802417,0.8075253180563438,0.276448356383638
P005,2025-02-12,2025-02-12 09:50:00,3.56,Math,1.4537506029786162,1.5230423921719165,0.5753429166537473
P005,2025-02-12,2025-02-12 10:00:00,3.8,ELA,0.7052614648626646,1.1132419140337912,0.42468772212609424
P005,2025-02-12,2025-02-12 10:05:00,2.82,ELA,0.7338435638764425,0.9873964567566024,0.38844957484543996
P005,2025-02-12,2025-02-12 10:10:00,5.68,ELA,0.3481773849933843,0.7118076028011138,0.17310816163990678
P005,2025-02-12,2025-02-12 10:15:00,6.279999999999999,ELA,0.7145427970477078,1.3227821198342986,0.3409179874841061
P005,2025-02-12,2025-02-12 10:20:00,3.16,ELA,0.8510483486445015,1.0400956671663355,0.41668711024714133
P005,2025-02-12,2025-02-12 10:25:00,1.72,ELA,0.794045931189528,0.9770092454455159,0.3806961404032162
P005,2025-02-12,2025-02-12 10:30:00,1.8399999999999999,ELA,0.5829325460696094,0.6711412194846406,0.34614420527732814
P005,2025-02-12,2025-02-12 10:35:00,1.42,ELA,0.5244161581141211,0.6662574719954222,0.3287303901386175
P005,2025-02-12,2025-02-12 10:40:00,2.08,ELA,0.7710625089594029,0.9629567635993377,0.4481445330785318
P005,2025-02-12,2025-02-12 10:45:00,2.88,ELA,1.4385481825012785,2.4011555273577514,0.685089867375499
P005,2025-02-12,2025-02-12 10:50:00,1.6,HW Rein./Study Hall,1.175731458659844,1.4341076965426207,0.5607327821155942
P005,2025-02-12,2025-02-12 10:55:00,2.1,HW Rein./Study Hall,1.9498029730364959,2.5783867001184277,0.8007913306305191
P006,2025-02-25,2025-02-25 08:50:00,2.0,Homeroom,1.549700225769254,2.7600930029318937,0.6358979684520947
P006,2025-02-25,2025-02-25 08:55:00,1.9,Homeroom,1.6105028247314928,2.0070619346688914,0.6850701190385629
P006,2025-02-25,2025-02-25 09:05:00,2.2800000000000002,Math,1.215039877499557,1.9057648347813707,0.5466497012253562
P006,2025-02-25,2025-02-25 09:10:00,1.7600000000000002,Math,0.8256530753097223,1.3213101492395662,0.4255433781408214
P006,2025-02-25,2025-02-25 09:15:00,1.86,Math,3.1513291044110323,4.556068717376891,1.0741605958169596
P006,2025-02-25,2025-02-25 09:20:00,2.2,Math,4.175509961509933,5.069142521376255,1.1783828223633672
P006,2025-02-25,2025-02-25 09:25:00,2.4,Math,1.0952295554322835,1.9990702985233526,0.4897708288240336
P006,2025-02-25,2025-02-25 09:30:00,1.78,Math,0.6348053057660683,1.1767064260482332,0.3179274289829414
P006,2025-02-25,2025-02-25 09:35:00,1.64,Math,1.7065541162877047,2.6837730538401887,0.7995297224404643
P006,2025-02-25,2025-02-25 09:40:00,1.8,Math,1.0533571357181255,1.7077205013232415,0.548520456612575
P006,2025-02-25,2025-02-25 09:45:00,1.6800000000000002,Math,1.6053865442936375,2.454242519411012,0.660045984141178
P006,2025-02-25,2025-02-25 09:50:00,1.8199999999999998,Math,1.342686550158588,2.0284010067907188,0.6396496732632635
P006,2025-02-25,2025-02-25 10:00:00,1.7600000000000002,History,1.5269558532512955,1.962382895206679,0.6882105738448414
P006,2025-02-25,2025-02-25 10:05:00,1.6600000000000001,History,1.3681559402861896,2.126587165364303,0.7520503844583722
P006,2025-02-25,2025-02-25 10:10:00,1.9799999999999998,History,1.41061691188983,2.251060594538089,0.7726086049360669
P006,2025-02-25,2025-02-25 10:15:00,1.6600000000000001,History,1.4802220711128897,2.562364574160571,0.8416621406569504
P006,2025-02-25,2025-02-25 10:20:00,2.0,History,1.8879491382438125,2.0623134830190213,0.6467835604938509
P006,2025-02-25,2025-02-25 10:25:00,2.82,History,1.492275246593702,1.5434055447059918,0.7401813319405735
P006,2025-02-25,2025-02-25 10:30:00,1.7399999999999998,Cash-out,2.770729230181383,4.654219302946667,0.9578557409169888
P006,2025-02-25,2025-02-25 10:35:00,1.7399999999999998,Cash-out,4.487061311934001,5.643815014036552,1.3484480632691989
P006,2025-02-25,2025-02-25 10:40:00,2.1,Cash-out,6.505378489866407,8.76349567979916,2.1457772500103465
P006,2025-02-25,2025-02-25 10:45:00,1.9,Cash-out,8.948448206832433,10.716817816448195,2.9351175870088575
P006,2025-02-25,2025-02-25 10:55:00,1.64,ELA,0.3082433764255989,0.7345974373774211,0.16454228305675347
P006,2025-02-25,2025-02-25 11:00:00,2.1,ELA,0.9303373229620033,2.0348866344681373,0.5925177495526315
P006,2025-02-26,2025-02-26 08:50:00,1.78,Homeroom,2.252211053252839,2.063131052479287,0.73919299385166
P006,2025-02-26,2025-02-26 08:55:00,2.66,Homeroom,0.8667548032544119,1.3892834257224744,0.3959113747935995
P006,2025-02-26,2025-02-26 09:05:00,1.78,Math,1.2655764490061208,1.500117390367107,0.6524729885117758
P006,2025-02-26,2025-02-26 09:10:00,1.9,Math,0.6169707031193974,0.8992394981144954,0.31614449473997186
P006,2025-02-26,2025-02-26 09:15:00,2.6,Math,2.9538713050352774,3.733177983146123,1.1573038186734144
P006,2025-02-26,2025-02-26 09:20:00,1.7600000000000002,Math,1.239633554199766,1.9506904550950046,0.5651297220683885
P006,2025-02-26,2025-02-26 09:25:00,1.6600000000000001,Math,1.8689033766035716,3.0746277105323747,0.8788516290478423
P006,2025-02-26,2025-02-26 09:30:00,3.06,Math,2.1172988324867403,3.1407879234506764,1.019730041506236
P006,2025-02-26,2025-02-26 09:35:00,5.26,Math,0.6721706401600587,1.1116749536906985,0.39568179115551555
P006,2025-02-26,2025-02-26 09:40:00,5.36,Math,0.8443042481569671,1.3374284386416797,0.47153842862354206
P006,2025-02-26,2025-02-26 09:45:00,3.44,Math,1.902978285382965,2.5230616151630034,0.9211795822586669
P006,2025-02-26,2025-02-26 09:50:00,1.8,Math,1.2174833486299075,1.4187308830314713,0.621065925273028
P006,2025-02-26,2025-02-26 10:00:00,1.6199999999999999,History,1.7074190209548838,1.789013168707406,0.8881164118361345
P006,2025-02-26,2025-02-26 10:05:00,1.98,History,1.0515448353839056,1.3176412638493926,0.4482020081566683
P006,2025-02-26,2025-02-26 10:10:00,0.9,History,1.068059510838253,1.3927658665679457,0.5011873497961478
P006,2025-02-26,2025-02-26 10:20:00,2.6,History,0.6010488053537979,0.7093838808366715,0.34246270748220786
P006,2025-02-27,2025-02-27 08:50:00,1.98,Homeroom,2.0972557832636713,2.4764954644896924,1.097039436900359
P006,2025-02-27,2025-02-27 08:55:00,3.1,Homeroom,1.030146036239113,1.4074995945373332,0.5825062414839401
P006,2025-02-27,2025-02-27 09:05:00,1.4,Math,1.2568917777243627,3.1617686706230748,0.706180653296008
P006,2025-02-27,2025-02-27 09:10:00,1.3599999999999999,Math,0.6063970732480526,1.0516520471473103,0.3570217582848828
P006,2025-02-27,2025-02-27 09:15:00,1.44,Math,1.3868064633297503,1.8252413185254617,0.6539979006668069
P006,2025-02-27,2025-02-27 09:20:00,1.52,Math,1.1504633034129175,1.6975079212229118,0.5928484750520273
P006,2025-02-27,2025-02-27 09:25:00,1.22,Math,1.1375270649413263,1.7304796181677724,0.5977766771257323
P006,2025-02-27,2025-02-27 09:30:00,1.86,Math,1.2900983480077453,2.2065184297394844,0.5851941313085123
P006,2025-02-27,2025-02-27 09:35:00,1.72,Math,1.302409036345306,1.6265657127707183,0.6950146953316254
P006,2025-02-27,2025-02-27 09:40:00,1.86,Math,2.444403812985418,2.5141319752238735,1.1098364971999444
P006,2025-02-27,2025-02-27 09:45:00,1.8333333333333333,Math,1.6934157845552167,1.7009530786484497,0.6383118031177559
P006,2025-02-27,2025-02-27 10:05:00,1.6,History,1.7712487088241684,1.8742301534646881,0.7481096692902545
P006,2025-02-27,2025-02-27 10:10:00,2.08,History,0.9287655148120795,1.5343707945608225,0.40944300895984737
P006,2025-02-27,2025-02-27 10:15:00,1.98,History,1.675891725605527,2.2725568788991586,0.8334661291632542
P006,2025-02-27,2025-02-27 10:20:00,2.1,History,1.9887846612913855,3.7619563996938403,0.8905951334451867
P006,2025-02-27,2025-02-27 10:25:00,2.32,History,1.2938120486360771,1.7355890912610654,0.6771610905757645
P006,2025-02-27,2025-02-27 10:30:00,1.8799999999999997,Cash-out,1.9358721406768573,2.645169303417174,0.8980725287714979
P006,2025-02-27,2025-02-27 10:35:00,1.6199999999999999,Cash-out,2.6119012334627376,2.9467642737626534,1.036991204459118
P006,2025-02-27,2025-02-27 10:40:00,1.52,Cash-out,3.1669491620224277,2.7950930299665613,1.387499214179427
P006,2025-02-27,2025-02-27 10:45:00,1.7,Cash-out,2.6117046253455407,2.362211315785322,1.1123132024116678
P006,2025-02-28,2025-02-28 08:50:00,4.36,Homeroom,1.1132143094034734,1.7970599582424,0.5423001703189392
P006,2025-02-28,2025-02-28 08:55:00,4.12,Homeroom,1.5512362358526193,2.6709857971712103,0.6660824914700042
P006,2025-02-28,2025-02-28 09:00:00,5.08,Math,1.271893397615874,1.9799327157411615,0.5674840890958817
P006,2025-02-28,2025-02-28 09:05:00,3.04,Math,0.7553773038163842,1.6096618510660956,0.37902187702363194
P006,2025-02-28,2025-02-28 09:10:00,0.9,Math,1.9334522227219673,3.4685556681293632,0.8184553732552395
P006,2025-02-28,2025-02-28 09:15:00,0.9,Math,1.0836031811504463,2.158564711855605,0.4913631433282365
P006,2025-02-28,2025-02-28 09:20:00,0.9,Math,1.0546078633178717,1.5754628741676273,0.47403752937062327
P006,2025-02-28,2025-02-28 09:25:00,0.9,Math,2.19820103513414,3.0670032220327528,0.9590084523554319
P006,2025-02-28,2025-02-28 09:30:00,0.9,Math,0.7068715497169739,1.2601429605210168,0.35112839674094837
P007,2025-02-25,2025-02-25 08:50:00,1.8,Homeroom,1.549700225769254,2.7600930029318937,0.6358979684520947
P007,2025-02-25,2025-02-25 08:55:00,2.02,Homeroom,1.6105028247314928,2.0070619346688914,0.6850701190385629
P007,2025-02-25,2025-02-25 09:05:00,3.3600000000000003,Math,1.215039877499557,1.9057648347813707,0.5466497012253562
P007,2025-02-25,2025-02-25 09:10:00,4.1,Math,0.8256530753097223,1.3213101492395662,0.4255433781408214
P007,2025-02-25,2025-02-25 09:15:00,5.38,Math,3.1513291044110323,4.556068717376891,1.0741605958169596
P007,2025-02-25,2025-02-25 09:20:00,6.12,Math,4.175509961509933,5.069142521376255,1.1783828223633672
P007,2025-02-25,2025-02-25 09:25:00,3.8600000000000003,Math,1.0952295554322835,1.9990702985233526,0.4897708288240336
P007,2025-02-25,2025-02-25 09:30:00,2.7600000000000002,Math,0.6348053057660683,1.1767064260482332,0.3179274289829414
P007,2025-02-25,2025-02-25 09:35:00,1.7600000000000002,Math,1.7065541162877047,2.6837730538401887,0.7995297224404643
P007,2025-02-25,2025-02-25 09:40:00,1.7,Math,1.0533571357181255,1.7077205013232415,0.548520456612575
P007,2025-02-25,2025-02-25 09:45:00,1.3199999999999998,Math,1.6053865442936375,2.454242519411012,0.660045984141178
P007,2025-02-25,2025-02-25 09:50:00,1.3599999999999999,Math,1.342686550158588,2.0284010067907188,0.6396496732632635
P007,2025-02-25,2025-02-25 10:00:00,1.6,History,1.5269558532512955,1.962382895206679,0.6882105738448414
P007,2025-02-25,2025-02-25 10:05:00,3.84,History,1.3681559402861896,2.126587165364303,0.7520503844583722
P007,2025-02-25,2025-02-25 10:10:00,5.5200000000000005,History,1.41061691188983,2.251060594538089,0.7726086049360669
P007,2025-02-25,2025-02-25 10:15:00,3.4,History,1.4802220711128897,2.562364574160571,0.8416621406569504
P007,2025-02-25,2025-02-25 10:20:00,2.76,History,1.8879491382438125,2.0623134830190213,0.6467835604938509
P007,2025-02-25,2025-02-25 10:25:00,1.3199999999999998,History,1.492275246593702,1.5434055447059918,0.7401813319405735
P007,2025-02-25,2025-02-25 10:30:00,1.28,Cash-out,2.770729230181383,4.654219302946667,0.9578557409169888
P007,2025-02-25,2025-02-25 10:35:00,1.54,Cash-out,4.487061311934001,5.643815014036552,1.3484480632691989
P007,2025-02-25,2025-02-25 10:40:00,1.6800000000000002,Cash-out,6.505378489866407,8.76349567979916,2.1457772500103465
P007,2025-02-25,2025-02-25 10:45:00,1.5799999999999998,Cash-out,8.948448206832433,10.716817816448195,2.9351175870088575
P007,2025-02-25,2025-02-25 10:55:00,1.2,ELA,0.3082433764255989,0.7345974373774211,0.16454228305675347
P007,2025-02-25,2025-02-25 11:00:00,0.9199999999999999,ELA,0.9303373229620033,2.0348866344681373,0.5925177495526315
P007,2025-02-25,2025-02-25 11:05:00,0.9,ELA,1.0271110782161448,1.3283969248168346,0.47413876508162184
P007,2025-02-25,2025-02-25 11:20:00,0.9,ELA,2.2718731797627933,2.2357154291668513,0.7930843684968164
P007,2025-02-25,2025-02-25 11:25:00,0.9,ELA,2.5871792569953955,2.3865669967118137,0.6294145243023671
P007,2025-02-26,2025-02-26 08:50:00,2.6,Homeroom,2.252211053252839,2.063131052479287,0.73919299385166
P007,2025-02-26,2025-02-26 08:55:00,2.3,Homeroom,0.8667548032544119,1.3892834257224744,0.3959113747935995
P007,2025-02-26,2025-02-26 09:05:00,3.0,Math,1.2655764490061208,1.500117390367107,0.6524729885117758
P007,2025-02-26,2025-02-26 09:10:00,2.06,Math,0.6169707031193974,0.8992394981144954,0.31614449473997186
P007,2025-02-26,2025-02-26 09:15:00,2.1,Math,2.9538713050352774,3.733177983146123,1.1573038186734144
P007,2025-02-26,2025-02-26 09:20:00,2.6399999999999997,Math,1.239633554199766,1.9506904550950046,0.5651297220683885
P007,2025-02-26,2025-02-26 09:25:00,2.1799999999999997,Math,1.8689033766035716,3.0746277105323747,0.8788516290478423
P007,2025-02-26,2025-02-26 09:30:00,2.8,Math,2.1172988324867403,3.1407879234506764,1.019730041506236
P007,2025-02-26,2025-02-26 09:35:00,3.54,Math,0.6721706401600587,1.1116749536906985,0.39568179115551555
P007,2025-02-26,2025-02-26 09:40:00,2.66,Math,0.8443042481569671,1.3374284386416797,0.47153842862354206
P007,2025-02-26,2025-02-26 09:45:00,2.54,Math,1.902978285382965,2.5230616151630034,0.9211795822586669
P007,2025-02-26,2025-02-26 09:50:00,1.8399999999999999,Math,1.2174833486299075,1.4187308830314713,0.621065925273028
P007,2025-02-26,2025-02-26 10:00:00,1.3800000000000001,History,1.7074190209548838,1.789013168707406,0.8881164118361345
P007,2025-02-26,2025-02-26 10:05:00,1.8800000000000001,History,1.0515448353839056,1.3176412638493926,0.4482020081566683
P007,2025-02-26,2025-02-26 10:10:00,2.66,History,1.068059510838253,1.3927658665679457,0.5011873497961478
P007,2025-02-26,2025-02-26 10:15:00,3.2,History,0.6329107342392708,0.8016100628890133,0.4276873391366962
P007,2025-02-26,2025-02-26 10:20:00,2.96,History,0.6010488053537979,0.7093838808366715,0.34246270748220786
P007,2025-02-27,2025-02-27 08:50:00,3.5599999999999996,Homeroom,2.0972557832636713,2.4764954644896924,1.097039436900359
P007,2025-02-27,2025-02-27 08:55:00,2.0,Homeroom,1.030146036239113,1.4074995945373332,0.5825062414839401
P007,2025-02-27,2025-02-27 09:05:00,1.42,Math,1.2568917777243627,3.1617686706230748,0.706180653296008
P007,2025-02-27,2025-02-27 09:10:00,1.3599999999999999,Math,0.6063970732480526,1.0516520471473103,0.3570217582848828
P007,2025-02-27,2025-02-27 09:15:00,1.2799999999999998,Math,1.3868064633297503,1.8252413185254617,0.6539979006668069
P007,2025-02-27,2025-02-27 09:20:00,1.26,Math,1.1504633034129175,1.6975079212229118,0.5928484750520273
P007,2025-02-27,2025-02-27 09:25:00,1.5399999999999998,Math,1.1375270649413263,1.7304796181677724,0.5977766771257323
P007,2025-02-27,2025-02-27 09:30:00,2.2600000000000002,Math,1.2900983480077453,2.2065184297394844,0.5851941313085123
P007,2025-02-27,2025-02-27 09:35:00,1.92,Math,1.302409036345306,1.6265657127707183,0.6950146953316254
P007,2025-02-27,2025-02-27 09:40:00,1.98,Math,2.444403812985418,2.5141319752238735,1.1098364971999444
P007,2025-02-27,2025-02-27 09:45:00,1.26,Math,1.6934157845552167,1.7009530786484497,0.6383118031177559
P007,2025-02-27,2025-02-27 09:50:00,1.46,Math,2.049862512765327,2.3378866208644014,0.9177828251372532
P007,2025-02-27,2025-02-27 10:00:00,3.2399999999999998,History,1.2319972886247288,1.4392109833376376,0.6196835282775305
P007,2025-02-27,2025-02-27 10:05:00,1.94,History,1.7712487088241684,1.8742301534646881,0.7481096692902545
P007,2025-02-27,2025-02-27 10:10:00,3.4,History,0.9287655148120795,1.5343707945608225,0.40944300895984737
P007,2025-02-27,2025-02-27 10:15:00,3.8,History,1.675891725605527,2.2725568788991586,0.8334661291632542
P007,2025-02-27,2025-02-27 10:20:00,1.98,History,1.9887846612913855,3.7619563996938403,0.8905951334451867
P007,2025-02-27,2025-02-27 10:25:00,1.78,History,1.2938120486360771,1.7355890912610654,0.6771610905757645
P007,2025-02-27,2025-02-27 10:30:00,1.7600000000000002,Cash-out,1.9358721406768573,2.645169303417174,0.8980725287714979
P007,2025-02-27,2025-02-27 10:35:00,1.6800000000000002,Cash-out,2.6119012334627376,2.9467642737626534,1.036991204459118
P007,2025-02-27,2025-02-27 10:40:00,3.66,Cash-out,3.1669491620224277,2.7950930299665613,1.387499214179427
P007,2025-02-27,2025-02-27 10:45:00,2.6,Cash-out,2.6117046253455407,2.362211315785322,1.1123132024116678
P007,2025-02-28,2025-02-28 08:50:00,3.5200000000000005,Homeroom,1.1132143094034734,1.7970599582424,0.5423001703189392
P007,2025-02-28,2025-02-28 08:55:00,4.340000000000001,Homeroom,1.5512362358526193,2.6709857971712103,0.6660824914700042
P007,2025-02-28,2025-02-28 09:00:00,3.78,Math,1.271893397615874,1.9799327157411615,0.5674840890958817
P007,2025-02-28,2025-02-28 09:05:00,3.16,Math,0.7553773038163842,1.6096618510660956,0.37902187702363194
P007,2025-02-28,2025-02-28 09:10:00,0.9,Math,1.9334522227219673,3.4685556681293632,0.8184553732552395
P007,2025-02-28,2025-02-28 09:15:00,0.9,Math,1.0836031811504463,2.158564711855605,0.4913631433282365
P007,2025-02-28,2025-02-28 09:20:00,0.9,Math,1.0546078633178717,1.5754628741676273,0.47403752937062327
P007,2025-02-28,2025-02-28 09:25:00,0.9,Math,2.19820103513414,3.0670032220327528,0.9590084523554319
P007,2025-02-28,2025-02-28 09:30:00,0.9,Math,0.7068715497169739,1.2601429605210168,0.35112839674094837
P008,2025-02-25,2025-02-25 10:55:00,4.3,ELA,2.359312820667242,1.9482239035847704,0.9095803589882504
P008,2025-02-28,2025-02-28 08:50:00,3.02,Homeroom,2.0201031376918825,1.9438309798502773,0.7613129795856265
P008,2025-02-28,2025-02-28 08:55:00,5.18,Homeroom,1.091294792980747,1.4448635343172191,0.49917733869767333
P008,2025-02-28,2025-02-28 09:00:00,6.04,Math,0.8067273191935369,1.1862731507821684,0.3632413553761548
P008,2025-02-28,2025-02-28 09:05:00,2.7,Math,0.9474701902784215,1.2866337086579929,0.45123528049816786
P009,2025-03-03,2025-03-03 08:45:00,2.4,Homeroom,1.896924177612257,3.2289415701255813,0.9610355246708107
P009,2025-03-03,2025-03-03 08:50:00,1.7,Homeroom,0.6025112987323508,1.0593454359857843,0.32322486259403627
P009,2025-03-03,2025-03-03 08:55:00,1.8800000000000001,Homeroom,0.79118747740612,1.327244371819337,0.4661216392975834
P009,2025-03-03,2025-03-03 09:05:00,1.26,Math,0.3894329732677173,0.6501986656468002,0.24124891212134592
P009,2025-03-03,2025-03-03 09:10:00,1.4,Math,0.1267998582612901,0.15944940609434102,0.0814444343586896
P009,2025-03-03,2025-03-03 09:15:00,1.44,Math,0.4311884281786277,0.578597120519065,0.2137109763309415
P009,2025-03-03,2025-03-03 09:20:00,1.4,Math,0.3388571437666204,0.5218675446421315,0.2454855392817788
P009,2025-03-03,2025-03-03 09:25:00,1.6600000000000001,Math,0.49257390976540305,0.7895957682041123,0.2730284893494924
P009,2025-03-03,2025-03-03 09:30:00,1.26,Math,0.28443363010796974,0.512715808957073,0.19940684530601976
P009,2025-03-03,2025-03-03 09:35:00,1.16,Math,0.33619796246448724,0.6809218164336368,0.21290122989889312
P009,2025-03-03,2025-03-03 09:40:00,5.82,Math,0.5101764463406255,0.8142841327275614,0.32754412304911545
P009,2025-03-03,2025-03-03 09:45:00,2.5,Math,0.39471306047956467,0.8470189439604482,0.2801319495778418
P009,2025-03-03,2025-03-03 09:50:00,3.9199999999999995,Math,0.6829850644189145,1.3842133044350493,0.3102481932687973
P009,2025-03-03,2025-03-03 10:00:00,2.6399999999999997,ELA,0.7626651500089503,1.0525740903466363,0.26679615076056074
P009,2025-03-03,2025-03-03 10:05:00,1.9799999999999998,ELA,0.8854271313708582,1.4105777540544464,0.43921540880830745
P009,2025-03-03,2025-03-03 10:10:00,3.66,ELA,0.4702809493937489,1.2496197340130706,0.24818784309679248
P009,2025-03-03,2025-03-03 10:15:00,4.88,ELA,0.9352692680696778,3.010128181743367,0.5400915189739359
P009,2025-03-03,2025-03-03 10:20:00,3.6799999999999997,ELA,0.7066681643589361,1.5055034950213442,0.3610184168662268
P009,2025-03-03,2025-03-03 10:25:00,1.64,ELA,0.3947974950980575,0.9664572531308732,0.2294060020782777
P009,2025-03-03,2025-03-03 10:30:00,1.3599999999999999,ELA,0.5362503443994866,0.7409610976053866,0.27104946385852413
P009,2025-03-03,2025-03-03 10:35:00,2.3,ELA,0.2472538432822487,0.36762238355817706,0.15185999932397581
P009,2025-03-03,2025-03-03 10:45:00,2.5,ELA,1.3853740131237875,2.1882989971042544,0.6854978247529756
P009,2025-03-04,2025-03-04 08:45:00,1.3666666666666665,Homeroom,2.57815472298931,2.71518382227794,0.6357674904700179
P009,2025-03-04,2025-03-04 08:50:00,1.54,Homeroom,0.6908631815881532,1.6638154797676912,0.3557258230815122
P009,2025-03-04,2025-03-04 08:55:00,1.7600000000000002,Homeroom,0.3636369790478201,0.8310063357728363,0.22460292282128877
P009,2025-03-04,2025-03-04 09:05:00,1.72,Math,0.5944706286965119,0.7297908936843243,0.43701744254775987
P009,2025-03-04,2025-03-04 09:10:00,2.7,Math,0.3844223000185547,0.9911012776439373,0.19479413253470254
P009,2025-03-04,2025-03-04 09:15:00,3.08,Math,0.4714681883570903,0.8912802022223474,0.25736245157940474
P009,2025-03-04,2025-03-04 09:20:00,2.38,Math,0.5238243960155753,1.2046218973482605,0.3221802833710427
P009,2025-03-04,2025-03-04 09:25:00,2.1,Math,0.817669632265415,1.4205088689033318,0.4021051893461481
P009,2025-03-04,2025-03-04 09:30:00,1.46,Math,1.2063148005927844,1.9749686367987551,0.5289324295321223
P009,2025-03-04,2025-03-04 09:35:00,1.8399999999999999,Math,1.0706193433355466,1.4291993319505643,0.546760323837433
P009,2025-03-04,2025-03-04 09:40:00,1.44,Math,0.8396286063315952,1.3720421750420155,0.6291627694930171
P009,2025-03-04,2025-03-04 09:45:00,1.56,Math,0.6235049637874757,1.1297580091228396,0.31275488820881525
P009,2025-03-04,2025-03-04 09:50:00,1.7,Math,1.122886083635162,1.3594496301752799,0.6274375385800586
P009,2025-03-04,2025-03-04 10:00:00,2.08,ELA,0.4704587362381968,0.8445918183281356,0.32571127252387716
P009,2025-03-04,2025-03-04 10:05:00,4.2,ELA,0.8878528386731015,1.6571607094587715,0.4648407994281646
P009,2025-03-04,2025-03-04 10:25:00,2.8000000000000003,ELA,1.8344260533949366,3.1221596773561515,0.6990951373439657
P009,2025-03-04,2025-03-04 10:30:00,1.54,ELA,0.7629588620393196,1.401985124966545,0.40076101492699595
P009,2025-03-04,2025-03-04 10:35:00,1.9,ELA,0.6424985117582456,0.794578990284855,0.42511738454197934
P009,2025-03-04,2025-03-04 10:40:00,1.36,ELA,0.546462423190207,0.82516784771132,0.32192758966627866
P009,2025-03-04,2025-03-04 10:45:00,1.6199999999999999,ELA,0.6896172780128313,1.210250095510283,0.37109061039474606
P009,2025-03-06,2025-03-06 08:45:00,3.0,Homeroom,2.322444536482486,1.9315928335668184,0.7689548363510397
P009,2025-03-06,2025-03-06 08:50:00,1.24,Homeroom,0.37108947373159185,0.9169708228319327,0.22378176079584305
P009,2025-03-06,2025-03-06 08:55:00,1.46,Homeroom,0.22154847909041867,0.3343070734560682,0.15064132499566335
P009,2025-03-06,2025-03-06 09:05:00,1.46,Math,0.5775471147224682,1.1139062374166466,0.3265208549081971
P009,2025-03-06,2025-03-06 09:10:00,1.42,Math,0.3240345448506248,0.62691228777759,0.2260740029645935
P009,2025-03-06,2025-03-06 09:15:00,1.98,Math,0.5284360766608096,0.7859268984602863,0.31732349022898143
P009,2025-03-06,2025-03-06 09:20:00,1.3399999999999999,Math,0.6150974429663023,1.2307854644803669,0.34579649842504473
P009,2025-03-07,2025-03-07 08:45:00,0.9,Homeroom,1.23386857206652,1.1229170913773985,0.4733630361089565
P009,2025-03-07,2025-03-07 08:50:00,0.9,Homeroom,0.5864244974569762,1.1209927480392572,0.33971931226942065
P009,2025-03-07,2025-03-07 08:55:00,0.9,Homeroom,0.3332591689828838,0.5453787357242295,0.23261405187623346
P009,2025-03-07,2025-03-07 09:05:00,0.9,Math,0.9246862206853477,1.5048765160623476,0.45208497363920436
P009,2025-03-07,2025-03-07 09:10:00,0.9,Math,0.6069242583532546,1.183648489912739,0.2736460383394343
P009,2025-03-07,2025-03-07 09:15:00,0.9,Math,0.7832379963717196,1.1591925721359528,0.3855365592885876
P009,2025-03-07,2025-03-07 09:20:00,0.9,Math,0.141341083217349,0.19458442351438152,0.09638154638777352
P009,2025-03-07,2025-03-07 09:25:00,0.9,Math,0.13993526451375674,0.14393995030644074,0.08520658495353269
P009,2025-03-07,2025-03-07 09:30:00,0.9,Math,0.360534285547626,0.5966468285225257,0.14085251362882623
P009,2025-03-07,2025-03-07 09:35:00,0.9,Math,1.4285869772699917,1.62002579400564,0.5793696191387405
P009,2025-03-07,2025-03-07 09:40:00,0.9,Math,0.6763583966753197,1.0450862735103692,0.3771620626976213
P009,2025-03-07,2025-03-07 09:45:00,0.9,Math,0.6598215570834748,0.98634039659518,0.3309025201129101
P009,2025-03-07,2025-03-07 09:50:00,0.9,Math,0.5470867223409528,0.7345505143680189,0.36805426702823657
P009,2025-03-07,2025-03-07 10:00:00,0.9,ELA,0.9828356329614563,1.4839219890012314,0.357372560949925
P009,2025-03-07,2025-03-07 10:05:00,0.9,ELA,0.8401435984219893,1.1087029536352129,0.3877447035255458
P009,2025-03-07,2025-03-07 10:10:00,0.9,ELA,1.3838786117121646,1.6543462629849468,0.6327000144739275
P009,2025-03-07,2025-03-07 10:15:00,0.9,ELA,1.0316540401974363,1.7914786644184466,0.40130798985288535
P009,2025-03-07,2025-03-07 10:20:00,0.9,ELA,2.4940895138830474,5.4607068522012625,0.626396779563096
P009,2025-03-07,2025-03-07 10:25:00,0.9,ELA,2.786375964693216,4.6771398935252195,1.175137669074222
P009,2025-03-07,2025-03-07 10:30:00,0.9,ELA,1.815138486688222,2.280113856535084,0.7377737827843152
P009,2025-03-07,2025-03-07 10:35:00,0.9,ELA,0.8543033299647103,1.4820739186661767,0.36979665429318975
P009,2025-03-07,2025-03-07 10:40:00,0.9,ELA,0.7322496906173945,1.2446949233869078,0.4305160010965866
P009,2025-03-07,2025-03-07 10:45:00,0.9,ELA,0.32931808271885055,0.3201356245977457,0.18731333056943933
P009,2025-03-07,2025-03-07 10:50:00,0.9,HW Rein./Study Hall,1.5296074565665958,2.2786557665796705,0.6500618686206006
P009,2025-03-07,2025-03-07 10:55:00,0.9,HW Rein./Study Hall,1.799293682326174,2.789318549551886,0.7627778748770082
P009,2025-03-07,2025-03-07 11:00:00,0.9,HW Rein./Study Hall,0.6186347013343827,1.8683232403676389,0.40385357834224733
P009,2025-03-07,2025-03-07 11:05:00,0.9,HW Rein./Study Hall,1.0757974200542517,1.4825067835274752,0.5951083761222881
P012,2025-03-17,2025-03-17 08:45:00,1.6800000000000002,Homeroom,1.4412426227280417,1.5329466601988946,0.5332466298018805
P012,2025-03-17,2025-03-17 08:50:00,2.42,Homeroom,0.34307502682210256,0.5030537615949917,0.16229629748518995
P012,2025-03-17,2025-03-17 08:55:00,3.9799999999999995,Homeroom,0.635367744307719,1.0541333234643113,0.3125474637982226
P012,2025-03-17,2025-03-17 09:05:00,2.7199999999999998,Math,0.6505650961992723,0.8987006200363673,0.4292405439323286
P012,2025-03-17,2025-03-17 09:10:00,2.8600000000000003,Math,0.8022753866323191,1.3559731380710633,0.4420917836420684
P012,2025-03-17,2025-03-17 09:15:00,3.1,Math,0.7319635211928134,1.0861149017347884,0.3407584119042898
P012,2025-03-17,2025-03-17 09:20:00,2.2600000000000002,Math,1.1862151548277406,1.4162747830460956,0.45014366502991693
P012,2025-03-17,2025-03-17 09:25:00,2.82,Math,2.4069638788871464,2.930730073256931,0.8119504280497217
P012,2025-03-17,2025-03-17 09:30:00,2.9,Math,1.7185461484285791,2.6836837242389873,0.7345588936621602
P012,2025-03-17,2025-03-17 09:35:00,2.58,Math,1.5528708825156938,2.3606352016643406,0.6856803391314361
P012,2025-03-17,2025-03-17 09:40:00,2.44,Math,1.3982362561236026,3.013218944553926,0.5943586221206424
P012,2025-03-17,2025-03-17 09:45:00,1.72,Math,1.5091300335591975,2.9507657358342336,0.6698972504704788
P012,2025-03-17,2025-03-17 09:50:00,1.64,Math,1.6614565548926046,2.8591303964198693,0.75550528129196
P012,2025-03-17,2025-03-17 10:00:00,1.5799999999999998,History,0.9689379492251998,1.3360237418414642,0.4130742186912717
P012,2025-03-17,2025-03-17 10:05:00,1.94,History,0.6220249439179676,0.8707681413587032,0.37283694348971264
P012,2025-03-17,2025-03-17 10:10:00,1.52,History,0.7474466752677141,0.9973923656195904,0.49021117115936264
P012,2025-03-17,2025-03-17 10:15:00,1.4,History,0.964090583772499,1.7895337670925824,0.6162634670796261
P012,2025-03-17,2025-03-17 10:20:00,2.18,History,0.8389522579699088,1.0963860755424304,0.5560465571691287
P012,2025-03-17,2025-03-17 10:25:00,1.8199999999999998,History,1.4019942221451882,1.9230510929173021,0.7033382702680323
P012,2025-03-17,2025-03-17 10:30:00,1.8,Cash-out,1.3862911705436014,1.7220261335630973,0.6420725254458489
P012,2025-03-17,2025-03-17 10:35:00,1.7600000000000002,Cash-out,0.7584056696718668,1.3086688830456439,0.38022284424132485
P012,2025-03-17,2025-03-17 10:40:00,1.6666666666666667,Cash-out,0.7565312301655279,1.3364721573462461,0.44313811629393046
P012,2025-03-18,2025-03-18 08:50:00,1.42,Homeroom,2.1426502867741064,1.7277501081992441,0.6992659764090674
P012,2025-03-18,2025-03-18 08:55:00,1.58,Homeroom,0.4509138046232808,0.691450804357062,0.22922092589706988
P012,2025-03-18,2025-03-18 09:05:00,2.44,Math,1.038319505907181,1.8275871603992282,0.49614990410213833
P012,2025-03-18,2025-03-18 09:10:00,1.6800000000000002,Math,0.6734944908914365,1.1693278864751464,0.34793214007207435
P012,2025-03-18,2025-03-18 09:15:00,1.8399999999999999,Math,0.7008626722247832,1.2617591304186795,0.3630950327488386
P012,2025-03-18,2025-03-18 09:20:00,2.0,Math,0.7288162973901645,1.123058317872672,0.35113018928274137
P012,2025-03-18,2025-03-18 09:25:00,2.1,Math,0.9877242336801411,1.5089012232016743,0.489357783915073
P012,2025-03-18,2025-03-18 09:30:00,2.1,Math,0.7994567710107601,1.5489196878726026,0.45384169853579975
P012,2025-03-18,2025-03-18 09:35:00,2.04,Math,1.0357880263743207,1.5390652300411047,0.5872696644129293
P012,2025-03-18,2025-03-18 09:40:00,2.2399999999999998,Math,1.0809192803507581,1.7556990359652385,0.5018842666295715
P012,2025-03-18,2025-03-18 09:45:00,1.58,Math,2.4100581532297816,2.2420766910116483,0.7788180539485814
P012,2025-03-18,2025-03-18 09:50:00,1.6199999999999999,Math,1.4530947108378358,1.3195122443231373,0.6668187478804856
P012,2025-03-18,2025-03-18 10:00:00,1.44,History,1.4190334319997624,1.4633974571807218,0.6998578414177594
P012,2025-03-18,2025-03-18 10:05:00,1.54,History,1.081972287113319,1.6066301641854384,0.4775736911262385
P012,2025-03-18,2025-03-18 10:10:00,1.46,History,1.0457020835145567,1.753443237436135,0.4408840479968042
P012,2025-03-18,2025-03-18 10:15:00,1.52,History,1.0575689322820134,1.867172329950615,0.4541051324962835
P012,2025-03-18,2025-03-18 10:20:00,2.5599999999999996,History,0.9657298389035237,1.391971036249815,0.46905060917677066
P012,2025-03-18,2025-03-18 10:25:00,1.64,History,1.4356485661200538,1.8044411011417236,0.6131769170952843
P012,2025-03-18,2025-03-18 10:30:00,1.44,Cash-out,1.330536823213316,1.6689691913821805,0.5851320347347564
P012,2025-03-18,2025-03-18 10:35:00,1.7,Cash-out,1.1622087615895265,1.5822604720718756,0.6720940257129097
P012,2025-03-19,2025-03-19 08:45:00,1.7399999999999998,Homeroom,2.9851435723619737,2.2029291081588127,1.2498150627607103
P012,2025-03-19,2025-03-19 08:50:00,1.44,Homeroom,1.21252653695806,1.2548990532638185,0.46796721711288064
P012,2025-03-19,2025-03-19 08:55:00,2.1399999999999997,Homeroom,0.3028342096782639,0.44514719092736554,0.1789044113583985
P012,2025-03-19,2025-03-19 09:05:00,1.28,Math,1.2401126686753474,2.021363796135262,0.5571094897644768
P012,2025-03-19,2025-03-19 09:10:00,1.8199999999999998,Math,1.0164304349181137,1.5537998147722962,0.47370673656123774
P012,2025-03-19,2025-03-19 09:15:00,1.8599999999999999,Math,0.8644086169348645,2.0960146554528016,0.3372131867386512
P012,2025-03-19,2025-03-19 09:20:00,2.2399999999999998,Math,1.1503663829254058,1.7856491007083601,0.4889203812573757
P012,2025-03-19,2025-03-19 09:25:00,2.34,Math,0.506118745626954,0.6495782194770987,0.21391061177277945
P012,2025-03-19,2025-03-19 09:30:00,2.6,Math,1.1916706250267821,1.7735231541673762,0.6315055828600438
P012,2025-03-19,2025-03-19 09:35:00,2.2399999999999998,Math,1.7702608118165961,2.230153472951063,0.5776256606719951
P012,2025-03-19,2025-03-19 09:40:00,1.92,Math,1.1756067103336467,1.5190783800716883,0.5524321343487438
P012,2025-03-19,2025-03-19 09:45:00,2.4400000000000004,Math,0.962570099114289,1.7124486313187823,0.41765357119803187
P012,2025-03-19,2025-03-19 09:50:00,2.18,Math,1.6150228281124757,1.738014789632047,0.6404054137390013
P012,2025-03-19,2025-03-19 10:00:00,1.86,History,0.8598353441022283,1.2874178027058583,0.33244791251378214
P012,2025-03-19,2025-03-19 10:05:00,1.8800000000000001,History,0.839023249467386,1.2477167510242606,0.3754306467789467
P012,2025-03-19,2025-03-19 10:10:00,2.9,History,0.7225505746285167,1.0974862449785185,0.36392880191361004
P012,2025-03-19,2025-03-19 10:15:00,2.66,History,0.6681169179457445,1.070360942490005,0.3473216115635661
P012,2025-03-19,2025-03-19 10:20:00,2.0799999999999996,History,0.4645418047608249,0.6998300239705486,0.2343956881434471
P012,2025-03-19,2025-03-19 10:25:00,1.7399999999999998,History,1.234906214951529,1.9487409117746666,0.5044827401164016
P012,2025-03-19,2025-03-19 10:30:00,1.58,Cash-out,1.8794967315490563,2.6677264755572185,0.7426722629645435
P012,2025-03-19,2025-03-19 10:35:00,1.7,Cash-out,1.4460898695238167,1.8263219521515595,0.6103442764999334
P012,2025-03-20,2025-03-20 08:45:00,2.275,Homeroom,2.052522636201453,1.9703675278641994,0.7021543391286392
P012,2025-03-20,2025-03-20 08:50:00,1.9,Homeroom,0.5641570266293012,0.9196992943945794,0.251024386283904
P012,2025-03-20,2025-03-20 08:55:00,2.2399999999999998,Homeroom,0.7931115583468611,1.440498738508067,0.3468772660702239
P012,2025-03-20,2025-03-20 09:05:00,1.8399999999999999,Math,2.0899546107924154,3.080007254317481,0.838285097604247
P012,2025-03-20,2025-03-20 09:10:00,1.92,Math,1.0914328486362272,1.951375790314445,0.46823761647358325
P012,2025-03-20,2025-03-20 09:15:00,1.92,Math,1.3281831007475091,2.1117939471337834,0.5661977564522134
P012,2025-03-20,2025-03-20 09:20:00,2.04,Math,0.5943168159023228,1.058764931657087,0.29234611452187065
P012,2025-03-20,2025-03-20 09:25:00,2.3600000000000003,Math,0.7312953375267641,1.2290242265078473,0.40714050696690923
P012,2025-03-20,2025-03-20 09:30:00,2.02,Math,0.860813452538058,1.4988892819549873,0.46943005865395493
P012,2025-03-20,2025-03-20 09:35:00,2.06,Math,1.3872303607776155,1.9111410013929369,0.5995612927725654
P012,2025-03-20,2025-03-20 09:40:00,1.86,Math,1.0277214175883391,1.4898201897749797,0.3931128659084104
P012,2025-03-20,2025-03-20 09:45:00,3.4200000000000004,Math,0.6906839340639767,1.3047485373541658,0.31885287510127513
P012,2025-03-20,2025-03-20 09:50:00,3.78,Math,0.687166049914383,1.0487870187333679,0.3457840239984876
P012,2025-03-20,2025-03-20 10:00:00,4.340000000000001,History,0.7242112187189871,0.9922162706129243,0.3189497987669091
P012,2025-03-20,2025-03-20 10:05:00,3.4,History,0.6879477538562169,1.308902458347991,0.36188763135667124
P012,2025-03-20,2025-03-20 10:10:00,2.56,History,0.8731917701561767,1.525782187574286,0.37368755346959637
P012,2025-03-20,2025-03-20 10:15:00,3.3,History,0.8093287114822557,1.3618667785543899,0.37406182295075385
P012,2025-03-20,2025-03-20 10:20:00,4.58,History,0.6627398246242086,1.2360277532427948,0.3216034975981721
P012,2025-03-20,2025-03-20 10:25:00,3.08,History,1.3589667567745944,1.9311948790856843,0.5803796117665005
P012,2025-03-20,2025-03-20 10:30:00,3.9800000000000004,Cash-out,1.6185693401544707,2.58636098795332,0.5583010496440981
P012,2025-03-20,2025-03-20 10:35:00,1.9000000000000001,Cash-out,0.17232976302988393,0.2792238803036299,0.08627289196318559
P012,2025-03-21,2025-03-21 09:00:00,0.9,Math,1.8809877102601102,1.8753403573275798,0.6522678204496754
P012,2025-03-21,2025-03-21 09:05:00,0.9,Math,0.990811592718264,1.6940980120551452,0.43719638255092236
P012,2025-03-21,2025-03-21 09:10:00,0.9,Math,1.0102664335040115,1.8526759658090781,0.493007253195351
P012,2025-03-21,2025-03-21 09:15:00,0.9,Math,0.8495403079131367,1.607802929298165,0.3654995925044073
P012,2025-03-21,2025-03-21 09:20:00,0.9,Math,0.6390009159509626,1.009132164937259,0.30177502977654996
P012,2025-03-21,2025-03-21 09:25:00,0.9,Math,0.9250038066964251,1.5761999931578128,0.39062139568169385
P012,2025-03-21,2025-03-21 09:30:00,0.9,Math,1.6114916573507199,1.9509157718963546,0.5717094940822338
P012,2025-03-21,2025-03-21 09:35:00,0.9,Math,1.4294410402077902,1.226459489026079,0.3348735053854259
P012,2025-03-21,2025-03-21 09:40:00,0.9,Math,0.07706372687346921,0.05420704735819866,0.04794964067129192
P012,2025-03-21,2025-03-21 09:45:00,0.9,Math,0.07087338090952526,0.040637193430980455,0.0395719532282599
P012,2025-03-21,2025-03-21 09:50:00,0.9,Math,0.07063960175480632,0.04639149534836072,0.041934226891454277
P012,2025-03-21,2025-03-21 09:55:00,0.9,Math,1.123046830331575,1.1957886664464294,0.43395418925256984
P012,2025-03-21,2025-03-21 10:00:00,0.9,Math,1.659471213460535,2.5740894768212335,0.7453476907574766
P012,2025-03-21,2025-03-21 10:05:00,0.9,Math,1.288732091309184,2.115088589333969,0.5284345538807502
P012,2025-03-21,2025-03-21 10:10:00,0.9,Math,1.326584669092636,1.869391084861374,0.579002975510374
P012,2025-03-21,2025-03-21 10:15:00,0.9,Math,1.5537878380481152,1.907392168043242,0.6105844894305019
P012,2025-03-21,2025-03-21 10:20:00,0.9,Math,2.1193085974460133,2.985650225540419,0.7354424914946681
P012,2025-03-21,2025-03-21 10:25:00,0.9,Math,2.2388086415725033,3.4001907102333098,0.9359569597977833
P012,2025-03-21,2025-03-21 10:30:00,0.9,ELA/History,1.0057653617102764,1.4205957749827625,0.5148937479674477
P012,2025-03-21,2025-03-21 10:35:00,0.9,ELA/History,0.6352419320645841,0.883911190917632,0.33466630092492355
P012,2025-03-21,2025-03-21 10:40:00,0.9,ELA/History,1.120069563899526,1.7452319443042306,0.5391811270648169
P012,2025-03-21,2025-03-21 10:45:00,0.9,ELA/History,0.9414037765356262,1.2289334993006267,0.479931593209154
P012,2025-03-21,2025-03-21 10:50:00,0.9,ELA/History,0.7049659789558603,1.0003233940865197,0.3636075632566491
P012,2025-03-21,2025-03-21 10:55:00,0.9,ELA/History,0.7557205298690521,1.3543687498307195,0.3582612883723235
P012,2025-03-21,2025-03-21 11:00:00,0.9,ELA/History,1.2158739380131383,1.7639565208895198,0.5832072480421555
P012,2025-03-21,2025-03-21 11:05:00,0.9,ELA/History,1.1192425368020942,1.3650990486063808,0.4670755945164725
P014,2025-03-25,2025-03-25 08:55:00,2.0,Homeroom,1.1980690497729278,1.4663173203916398,0.4000837214101969
P014,2025-03-25,2025-03-25 09:05:00,1.25,Math,1.0407293281051508,1.2376495588234713,0.43890900368697816
P014,2025-03-26,2025-03-26 08:45:00,1.9666666666666666,Homeroom,1.708273498523492,1.6369108092833713,0.6390941454426885
P014,2025-03-26,2025-03-26 08:50:00,1.22,Homeroom,0.6021412374218215,1.144673789234219,0.2900067389507999
P014,2025-03-26,2025-03-26 08:55:00,1.8199999999999998,Homeroom,0.4294492305795356,0.6689494936782294,0.20487993202044477
P014,2025-03-26,2025-03-26 09:05:00,1.9,Math,0.8078105640349076,1.1532348596039794,0.4051165940234477
P014,2025-03-26,2025-03-26 09:10:00,1.94,Math,0.6912567086661533,1.0882630252891345,0.32128429558567195
P014,2025-03-26,2025-03-26 09:15:00,2.06,Math,0.9559098247050757,1.371669656759209,0.417780660863186
P014,2025-03-26,2025-03-26 09:20:00,1.78,Math,1.6832605788208954,1.801468436775049,0.6009974046061142
P014,2025-03-26,2025-03-26 09:25:00,1.6,Math,0.8740367186521512,1.4889014351561667,0.35623717932101656
P014,2025-03-26,2025-03-26 09:30:00,2.52,Math,1.2940236294675285,2.38509020460613,0.6043601121772182
P014,2025-03-26,2025-03-26 09:35:00,1.6800000000000002,Math,1.6506684707766441,1.9322501322066967,0.5661107184959051
P014,2025-03-26,2025-03-26 10:20:00,2.0,ELA,6.368833636317871,2.7799665443230333,0.5701149677485553
P014,2025-03-26,2025-03-26 10:25:00,1.64,ELA,1.227026304849843,1.204974503269792,0.3551801744253885
P014,2025-03-26,2025-03-26 10:30:00,1.5,ELA,0.6127510279518604,1.0307338643077475,0.28019517339135197
P014,2025-03-26,2025-03-26 10:35:00,1.26,ELA,1.0507676131207169,1.3531820914450226,0.3928849421674777
P014,2025-03-26,2025-03-26 10:40:00,3.1399999999999997,ELA,2.531337183191769,3.015359282631034,0.871409546751747
P014,2025-03-27,2025-03-27 08:45:00,1.48,Homeroom,2.5312144156815273,1.7652699507058265,0.6700754246808346
P014,2025-03-31,2025-03-31 08:45:00,1.6,Homeroom,2.6808719349076737,2.745995886517873,0.8155306574857182
P014,2025-03-31,2025-03-31 08:50:00,1.3199999999999998,Homeroom,0.5435963430122441,0.7949876323924243,0.24180315243918118
P014,2025-03-31,2025-03-31 08:55:00,1.3800000000000001,Homeroom,1.049482232601994,1.7113485748031287,0.5366453958815816
P014,2025-03-31,2025-03-31 09:05:00,1.8,Math,1.999018828645248,2.6628000185093423,0.7155703661300015
P014,2025-03-31,2025-03-31 09:10:00,1.6,Math,1.4420686868254315,2.195273095980486,0.5883979074689661
P014,2025-03-31,2025-03-31 09:15:00,1.54,Math,1.02811334973017,1.3246079453506359,0.42894679564678856
P014,2025-03-31,2025-03-31 09:20:00,1.64,Math,0.866524170025779,1.3141613222886177,0.3878004388204737
P014,2025-03-31,2025-03-31 09:25:00,1.46,Math,0.6622624645669064,0.9133888515431451,0.32733943025394374
P014,2025-03-31,2025-03-31 09:30:00,1.5,Math,0.7957300269138368,1.1603780058918451,0.3534707898928667
P014,2025-03-31,2025-03-31 09:35:00,2.1,Math,1.1599673928255279,1.547786059195972,0.49061053634914986
P014,2025-03-31,2025-03-31 09:40:00,3.5,Math,0.8901040654073988,1.5056265485633376,0.3463496460980155
P014,2025-03-31,2025-03-31 09:45:00,2.35,Math,0.970825660415759,1.7772437925538178,0.33385157097678786
P014,2025-04-01,2025-04-01 08:50:00,1.44,Homeroom,0.597732922975736,1.0032815910062118,0.26710911093488815
P014,2025-04-01,2025-04-01 08:55:00,1.8599999999999999,Homeroom,1.313185620772803,1.5857582615474448,0.411120437139047
P014,2025-04-01,2025-04-01 09:05:00,1.28,Math,0.6395070103912368,1.0695191697254962,0.3187387165638234
P014,2025-04-01,2025-04-01 09:10:00,1.26,Math,0.6078811199559098,0.9437381017054047,0.2999836433397264
P014,2025-04-01,2025-04-01 09:15:00,1.3599999999999999,Math,1.3804161877126915,2.3602355524029184,0.5133072874634541
P014,2025-04-01,2025-04-01 09:20:00,1.46,Math,1.060397226233051,1.2819063654161753,0.4542264986865415
P014,2025-04-01,2025-04-01 09:25:00,1.7,Math,1.225283326237812,1.3700301744790027,0.48312874348177687
P016,2025-03-25,2025-03-25 08:50:00,1.54,Homeroom,1.048003514737539,1.7781194242490894,0.43612183603407945
P016,2025-03-25,2025-03-25 08:55:00,1.5,Homeroom,0.6811116225259256,1.2116608098239747,0.34809787575018797
P016,2025-03-25,2025-03-25 09:05:00,1.3999999999999997,Math,1.0123493945986912,1.4580596831325898,0.4415922410111014
P016,2025-03-26,2025-03-26 08:45:00,2.3600000000000003,Homeroom,1.3519822209911332,2.3224549857333354,0.6222523567493925
P016,2025-03-26,2025-03-26 08:50:00,1.6199999999999999,Homeroom,0.816779779507441,1.4320529656837266,0.3736573373080301
P016,2025-03-26,2025-03-26 08:55:00,1.9600000000000002,Homeroom,0.7974709041824533,1.4568778066415693,0.4124847757338769
P016,2025-03-26,2025-03-26 09:05:00,1.72,Math,1.1470342796764845,1.9823148189091764,0.47645442654951076
P016,2025-03-26,2025-03-26 09:10:00,1.94,Math,1.1448793705916644,3.338148496056248,0.6900993374080653
P016,2025-03-26,2025-03-26 09:15:00,2.04,Math,1.8988297174828517,3.9935780175370823,0.8808407003220445
P016,2025-03-26,2025-03-26 09:20:00,1.72,Math,1.7771814856035562,3.1680852960719443,0.7589452176945428
P016,2025-03-26,2025-03-26 09:25:00,2.1399999999999997,Math,1.4048687149455987,2.672984905306068,0.6540586187826009
P016,2025-03-26,2025-03-26 09:30:00,2.42,Math,1.295992381654838,2.469456221913595,0.6867009707443961
P016,2025-03-26,2025-03-26 09:35:00,2.6399999999999997,Math,1.5061531780227846,2.7623946609258216,0.810204523956012
P016,2025-03-26,2025-03-26 09:40:00,3.8000000000000003,Math,1.3950047705817332,2.591559843686256,0.6701879735244028
P016,2025-03-26,2025-03-26 10:20:00,1.7666666666666666,ELA,0.7969009558534002,1.714616562296964,0.4339784318936739
P016,2025-03-26,2025-03-26 10:25:00,1.6,ELA,1.2224914642662612,2.609906476439164,0.6322329661029664
P016,2025-03-26,2025-03-26 10:30:00,1.4,ELA,0.6900410398716137,1.1510599394087428,0.30330608415753363
P016,2025-03-26,2025-03-26 10:35:00,1.38,ELA,0.9318283196586605,1.6961528052876649,0.4350334024503543
P016,2025-03-26,2025-03-26 10:40:00,1.5399999999999998,ELA,1.67401699720629,2.6357426456352715,0.8089953349305772
P016,2025-03-27,2025-03-27 08:45:00,1.58,Homeroom,2.5927471055650146,4.138205942304327,1.1130114300710776
P016,2025-03-27,2025-03-27 08:50:00,1.3599999999999999,Homeroom,1.2468311663782567,2.138752176949401,0.5896000995528677
P016,2025-03-27,2025-03-27 08:55:00,1.3599999999999999,Homeroom,0.871848711048016,1.5739422394827014,0.4404488817851758
P016,2025-03-27,2025-03-27 09:05:00,2.2600000000000002,Math,1.5852727434297698,2.29623996214429,0.8824021497839615
P016,2025-03-27,2025-03-27 09:10:00,1.6600000000000001,Math,0.8378174871452962,1.2925614980752256,0.5144855157667299
P016,2025-03-27,2025-03-27 09:15:00,1.6600000000000001,Math,0.9008874316905171,1.3905761681394164,0.5271172704350823
P016,2025-03-27,2025-03-27 09:20:00,1.92,Math,1.1485236567366104,2.4998965721227595,0.6984837455978201
P016,2025-03-27,2025-03-27 09:25:00,1.6600000000000001,Math,1.1506070979772254,2.0170326257582136,0.5613371810316129
P016,2025-03-27,2025-03-27 09:30:00,2.36,Math,1.0451849101522082,2.139259534935919,0.4732368402158544
P016,2025-03-27,2025-03-27 09:35:00,1.54,Math,1.5193925114306797,3.2238875529816986,0.8074921065796652
P016,2025-03-27,2025-03-27 09:40:00,1.3800000000000001,Math,1.5760270720618201,2.6204201748317075,0.8266770646847114
P016,2025-03-27,2025-03-27 09:45:00,1.65,Math,1.1436721695886898,1.7575130158934535,0.558416479872688
