Participant,oura,n_bins,Intensity,Variability,Jerk
P001,2.793730158730159,42,1.1260706530589821,1.8218500990116637,0.46363195603501706
P002,2.545,40,1.1044993358351383,1.4501191119187276,0.5240431301844515
P003,2.2333333333333334,21,1.9025832119832091,2.8179308432788437,0.8707652397459489
P004,2.1054780361757106,129,1.9350151614119513,2.686735377706666,0.744239020150448
P005,2.4142391304347823,46,0.819866952522214,1.1523131211941162,0.3997919856027335
P006,2.0807729468599034,69,1.7446022833586268,2.4201475572262727,0.7501353071189043
P007,2.3154666666666666,75,1.7357132213646522,2.3669275795519913,0.741615033888489
P008,4.248,5,1.444981652162366,1.5619650554384856,0.5969094626291745
P009,1.694561403508772,76,0.8207801210669118,1.3346770912039176,0.3950480247386628
P012,1.8867424242424242,110,1.0978157534450068,1.5698876454844868,0.4824948543066888
P014,1.7542342342342343,37,1.3019061511026238,1.5619711326584602,0.45131491515680416
P016,1.834731182795699,31,1.2326365217794524,2.243016575108303,0.6086436508542128
